season,index,celebrity_name,case_avg_adci,case_max_adci,season_other_avg_adci
2,11,Jerry Rice,39.95464604294999,81.01425159113144,20.226770992131318
4,35,Billy Ray Cyrus,33.450880540160135,84.37620721474556,21.085506011724604
11,126,Bristol Palin,40.66557654816128,79.66110450793988,19.033778253376397
27,318,Bobby Bones,29.921433457003786,80.51056632212558,21.080510582314187
