season,index,celebrity_name,case_avg_adci,case_max_adci,season_other_avg_adci
2,11,Jerry Rice,30.120374897581865,81.01425159113144,5.251586064546683
4,35,Billy Ray Cyrus,20.59573428935665,84.37620721474558,6.316659917985486
11,126,Bristol Palin,31.28626371440737,79.6611045079399,3.7126128556652875
27,318,Bobby Bones,17.743928039629687,80.51056632212558,6.5918015753049115
